Australian Cattle OR(Dog;Puppy;rare)
Australian Shepherd OR(;Puppy;rare)
Basset Hound OR(;Puppy;rare)
Beagle OR(;Puppy;rare)
Bernese Mountain OR(Dog;Puppy;rare)
Border Collie OR(;Puppy;rare)
Boston Terrier OR(;Puppy;rare)
Boxer OR(;Puppy;rare)
Bulldog OR(;Puppy;rare)
Cavalier King Charles Spaniel OR(;Puppy;rare)
Chihuahua OR(;Puppy;rare)
Collie OR(;Puppy;rare)
Dachshund OR(;Puppy;rare)
Dalmatian OR(;Puppy;rare)
Doberman Pinscher OR(;Puppy;rare)
French Bulldog OR(;Puppy;rare)
German Shepherd OR(;Puppy;rare)
Golden Retriever OR(;Puppy;rare)
Great Dane OR(;Puppy;rare)
Labrador Retriever OR(;Puppy;rare)
Maltese OR(;Puppy;rare)
Miniature Schnauzer OR(;Puppy;rare)
Newfoundland OR(;Puppy;rare)
Pembroke Welsh Corgi OR(;Puppy;rare)
Pomeranian OR(;Puppy;rare)
Poodle OR(;Puppy;rare)
Rhodesian Ridgeback OR(;Puppy;rare)
Rottweiler OR(;Puppy;rare)
Shetland Sheepdog OR(;Puppy;rare)
Shiba Inu OR(;Puppy;rare)
Shih Tzu OR(;Puppy;rare)
Siberian Husky OR(;Puppy;rare)
Staffordshire Bull Terrier OR(;Puppy;rare)
Weimaraner OR(;Puppy;rare)
Yorkshire Terrier OR(;Puppy;rare)