van gogh;Vincent van Gogh
Amano;Yoshitaka Amano
Asano;Inio Asano
Bagshaw;Tom Bagshaw
Beksinski;Zdzisław Beksiński
Bekzinski;Zdzisław Beksiński
Zdzislaw;Zdzisław Beksiński
Burton;Tim Burton
Cezanne;Paul Cézanne
Cushart;Krenz Cushart
Dittmann;Anna Dittmann
Durer;Albrecht Dürer
Faulkner;Iain Faulkner
Faust;Lauren Faust
Gaudi;Antoni Gaudí
Giger;H. R. (Hans Ruedi) Giger
Griffiths;Carne Griffiths
Grimm;Brothers Grimm
Groening;Matt Groening
Herge;Hergé
Hokusai;Katsushika Hokusai
Kahlo;Frida Kahlo
Kubrick;Stanley Kubrick
Lecouffe Deharme;Bastien Lecouffe-Deharme
LecouffeDeharme;Bastien Lecouffe-Deharme
Leyendecker;J.C. Leyendecker
Lichtenstein;Roy Lichtenstein
Lovecraft;H.P. Lovecraft
McFarlane;Todd McFarlane
Miyazaki;Hayao Miyazaki
Möbius;Moebius
Mucha;Alphonse Mucha
Mumford;Dan Mumford
OKeeffe;Georgia O'Keeffe
Picasso;Pablo Picasso
Pollock;Jackson Pollock
Rubens;Peter Paul Rubens
Rutkowski;Greg Rutkowski
Shimamoto;Shozo Shimamoto
Shinkai;Makoto Shinkai
Shinkhai;Makoto Shinkai
Tartakovsky;Genndy Tartakovsky
CHAMBA;theCHAMBA
RossDraws;Ross Draws
Vallejo;Boris Vallejo
Rembrandt;Rembrandt van Rijn
Vermeer;Johannes Vermeer
Waterhouse;John William Waterhouse
Stanislaw;Stanisław Wyspiański
Wyspianski;Stanisław Wyspiański
Yamamoto;Takato Yamamoto
Dabrowski;Kazimierz Dąbrowski
Mr Doodle;Mr. Doodle
Petruk;Alex Petruk (APe)
da Vinci;Leonardo da Vinci