adorable, alluring, appealing, attractive, beautiful, charming, cozy, cute, elegant, exquisite, flawless, glamourous, good-looking, gorgeous, lovely, magnificent, pleasant, pretty
gothic, dark, moody, monochromatic, gritty, grim, macabre, goth, horror, baroque
dirty, grimy, gritty
creepy, scary, horror, monster, monstrous, macabre
cute, kawaii, chibi, endearing, appealing, tiny, lovable, sweet, innocent, adorable
photograph, realism, photorealism, photography, photo, RAW photo
industrial, mechanical, photorealism, modernist, minimalist
vibrant, colorful, vivid, expressive, bold colors, rich colors, emotional
dramatic, epic, cinematic, heroic, emotional
dynamic, action
ordinary, mundane, plain, common, boring, drab
unattractive, ugly, amateurish, plain
organic, flora, fauna, nature, nature-inspired
dream, dreamy, dreamlike, magic, magical, fantastic, fairy tale, ethereal, celestial
simple, minimalist, minimalistic, simplistic
futuristic, sci fi, sci-fi, modern, technology
fashionable, fashion, haute couture, avant-garde
concept art, fantasy, sci-fi, science fiction, D&D, digital art
cinema, cinematic, cinestill, movie still, cinemascope
anime, manga, studio anime, anime style, anime sketch
funny, whimsical, fun, amusing
authentic, traditional, classic, indigenous, ethnic
monochromatic, greyscale, BW, black and white, stark
octane render, volumetric, 3d model, 3d rendering
vignette, vintage, retro
detailed, ultra detailed, intricate, intricate details, ornate, elaborate
sleek, clean, modern, sleek
luxurious, rich, high-end, upper class, elegant, opulent, picturesque, lavish, luxury
synthwave, cyberpunk, neon, high tech, futuristic, technology
asymmetrical, abstract, fractal, surreal, surrealism, psychedelic
happy, joyful, cheerful, carefree, gleeful, lighthearted, joy
flowing, elegant, elegance, decorative, flowing lines, grace, chic
flat, 2d, drawing
royal, upper class, noble
drawing, illustration, digital art, artistic, creative
artstation, pixabay
calm, still life
professional, commercial, corporate
otherworldly, alien, dreamlike, ethereal
robotic, robot, cybernetic, cyber, science fiction, sci-fi
scene, cityscape
man, guy, male, masculine, manly, burly
woman, girl, female, feminine, womanly
product shot, blank background, product photo
feeling, emotion, emotional, dramatic, emotive, expressive
world of warcraft, dungeons and dragons, FF14, hearthstone, rpg concept art
cyberpunk, shadowrun
DOTA, League of Legends
symmetry, beauty, beautiful, harmonious
romanticism, arcadian, idyllic
orientalism, exotic, mysterious
sparkling, glittering, glitter, sparkles
geeky, nerdy, glasses, messy hair, quirky
sensual, sexy, lustful
painting, painterly
impressionism, 1920's, small brush strokes, contrasting colors, en plein air
large, great, grand, immense, giant
small, tiny
comic, cartoon, cartoony, comic book cover, comics
divine, saintly, holy, angelic
cyberpunk, neon, neon-lit, futuristic
portrait, close-up
zen, tranquil, relaxing, peaceful
sad, depressing, hopeless