a OR(-imagetype-;-artiststyle-;OR(-imagetype-;-artiststyle-;-othertype-;-artmovement-;OR(-colorscheme-;-colorcombination-))) OR(artwork;art) OR(by;designed by;stylized by;uncommon) -artist-, a OR(-artiststyle-;-imagetypequality-) OR(art;work;artwork) OR(with a OR(touch;splash;hint) of OR(-colorcombination- colors;-color-;-colorscheme-);reminiscent of -artmovement-;inspired by -artmovement-;taking influence from -artmovement-).
a OR(-imagetype-;-artiststyle-;OR(-imagetype-;-artiststyle-;-othertype-;-artmovement-;OR(-colorscheme-;-colorcombination-))) OR(artwork;art) OR(by;designed by;stylized by;uncommon) -artist-, a OR(-artiststyle-;-imagetypequality-) OR(art;work;artwork)
a OR(;-imagetypequality-;uncommon) a OR(;-imagetype-;uncommon) artwork in OR(;-imagetypequality-;uncommon) -artmovement- style
a OR(;-shotsize- shot;uncommon) -descriptor- -imagetype- artwork inspired by OR(-setting- setting;-culture- setting).
a OR(-colorscheme-;-colorcombination-) OR(;-basicbitchdescriptor-;-imagetypequality-;uncommon) OR(OR(;gradient;uncommon) background;art;artwork;image)
a OR(-imagetype-;-othertype-) OR(artwork;art)
a OR(;-shotsize- shot;uncommon) OR(;-photoaddition-;uncommon) photograph OR(;shot with a -camera-;shot with a -lens- lens;uncommon)
Combining the styles of -artist- OR(;, -artist-;rare) and -artist-, this OR(;-artiststyle-;uncommon) OR(;-imagetypequality-;uncommon) image
OR(Unique;one of a kind;-basicbitchdescriptor-) art in the form of a -othertype-.
Capturing the OR(;feeling of;uncommon) -mood- OR(atmosphere;mood;ambience;energy;vibes), this -direction- OR(work;scene;image;art;artwork)
The very -descriptor- OR(artwork;art;image;scene) is inspired by OR(-imagetype-;-othertype-;-artmovement-;OR(-colorscheme-;-colorcombination-))
a -allstylessuffix- type of OR(artwork;art;image;scene)
From the -age-, this OR(artwork;art;image;scene) OR(;based on OR(-imagetype-;-artiststyle-;-othertype-;-artmovement-);uncommon)
In OR(-material-;-materialcombination-;-color-;-colorcombination-;-pattern-;-print-) material, this OR(;-imagetypequality-;uncommon) OR(artwork;art;sculpture;scene)
-artist- is expressing OR(an -mood- mood;-imagetypequality- skill;the essence of -basicbitchdescriptor-;-artiststyle-;-fluff- art)
This OR(photograph;artwork;art;sculpture;scene;-imagetype-) is shot in -shotsize- OR(;around -timeperiod-;uncommon)
In OR(full;-imagetypequality-;-fluff-;uncommon) OR(-artmovement-;-basicbitchdescriptor-;-pattern-;-print-;-animal-;-allstylessuffix-;-rpgclass-) style.
On a OR(-imagetypequality-;-basicbitchdescriptor-) OR(OR(;gradient;uncommon) background;art;artwork;image) OR(;in OR(-colorscheme-;-colorcombination-) colors;uncommon)
a OR(-imagetypequality-;-basicbitchdescriptor-;-mood-)-style OR(OR(;gradient;uncommon) background;art;artwork;image)
-artistdescription-, -artistmedium- by -artist-
Art by -artist-, -fluff- defines the -colorscheme- backgroud, drawing inspiration from -greatwork-.