, a OR(;-token-;normal) -subject- that is -token-, in the background there is -token-, very -token-, -token-, OR(;-token-;normal)
of the -tokensubtype- of OR(;-token-;normal) -subject- wearing a -outfit-, background is made up of -token-, very -token-, -token-, OR(;-token-;normal)
, an OR(;-token-;normal) -tokensubtype- in the shape of OR(;-token-;normal) -subject-, it is -token- and -token-, it is made of -token-, very -token-, -token-, OR(;-token-;normal)
, OR(;-token-;normal) -subject- -tokensubtype-, very -token-, elements of -token-, in the background there is -token- and -token-, very -token-, -token-, OR(;-token-;normal)
, a -tokensubtype- that features -subject- and -token-, the -token- is -token-, background has -token-, very -token-, -token-, OR(;-token-;normal)
, shaped as a OR(;-token-;normal) -subject-, it is -token-, -token-, in a -outfit-, very -token-, -token-, OR(;-token-;normal)
, -conceptprefix- of OR(;-token-;normal) -subject- on a -token-, -token- elements and detailed as -token-, has a -outfit-, in the back are -token-, very -token-, -token-, OR(;-token-;normal)
of a OR(;-token-;normal) -tokensubtype- based on -subject-, it is -token- and very -token-, has elements of OR(;-token-;normal) -outfit-, very -token-, -token-, OR(;-token-;normal)
, -outfit- with -tokensubtype- of OR(;-token-;normal) -subject-, feeling like -token-, detailed with -token-, very -token-, -token-, OR(;-token-;normal)
-tokensubtype-, -token-, -subject-, -token-, -outfit-, -token-, -token-, -token-, -token-, -token-, very -token-, -token-, OR(;-token-;normal)
a OR(;-token-;normal) -tokensubtype- -subject- adorned with -token- and -token-, the mood is -token-, has a -outfit- that is -token-, very -token-, -token-, OR(;-token-;normal)